Group,X,Y
"Group 2",3.72823442,2.46528132
"Group 2",6.47669593,2.26057207
"Group 2",7.72957901,3.10683745
"Group 2",7.40079919,5.27728144
"Group 3",1.02582538,8.06106731
"Group 3",1.43623370,7.27170114
"Group 3",3.87233470,8.11655511
"Group 3",-1.55977075,13.15103901
